,point,coords,trucks,mindist,trucks_original,fitness,type,profitability,profitable,reg
0,507A008942,"(806765.97, 6530243.57)",0.04977613092481087,0.36707859872090887,1612.0,0.0012484766430345268,big,29840.0,1.0,Auvergne-Rhône-Alpes
1,9A004074,"(981020.18, 6546835.01)",0.07293500077196233,0.2654916775622503,2362.0,0.05630416564549343,big,44840.0,1.0,Auvergne-Rhône-Alpes
2,23A004669,"(848909.88, 6526669.69)",0.41398795738767946,0.042575731834575685,13407.0,0.6124667897146041,big,265740.0,1.0,Auvergne-Rhône-Alpes
3,15A043201,"(860183.6, 6525402.72)",0.17545159796201945,0.05014877228620457,5682.0,0.25314764248578825,big,111240.0,1.0,Auvergne-Rhône-Alpes
4,32A0007N69,"(843664.14, 6491196.13)",0.8768565693994133,0.10008480877101705,28397.0,1.2952678923449166,big,565540.0,1.0,Auvergne-Rhône-Alpes
5,403A000671,"(836524.77, 6565504.37)",0.3620194534506716,0.10021784249628266,11724.0,0.522985611676751,big,232080.0,1.0,Auvergne-Rhône-Alpes
6,20A004338,"(864653.55, 6507806.41)",0.2798209047398487,0.007366153542367548,9062.0,0.41825812640129956,big,178840.0,1.0,Auvergne-Rhône-Alpes
7,41A004669,"(852958.02, 6513295.74)",0.5399722093561834,0.023088403579717903,17487.0,0.8053406333183315,big,347340.0,1.0,Auvergne-Rhône-Alpes
8,43N000726,"(852336.5, 6430267.8)",0.005619885749575421,0.11003830937925001,182.0,0.0,big,1240.0,1.0,Auvergne-Rhône-Alpes
9,198A004001,"(846016.31, 6579953.67)",0.04159333024548402,0.0894626664923672,1347.0,0.044497462069752594,big,24540.0,1.0,Auvergne-Rhône-Alpes
10,142A000726,"(838696.36, 6360045.49)",0.4033039987648603,0.034312520347555206,13061.0,0.5980934940777793,big,258820.0,1.0,Auvergne-Rhône-Alpes
11,6A000769,"(842815.69, 6512880.2)",0.03622047244094488,0.018589590162964124,1173.0,0.0506127906288245,big,21060.0,1.0,Auvergne-Rhône-Alpes
12,55A000726,"(847309.67, 6442597.33)",0.41865060985023933,0.006653534472491616,13558.0,0.6266452078808606,big,268760.0,1.0,Auvergne-Rhône-Alpes
13,83N000726,"(839402.09, 6392178.4)",0.014605527250270187,0.11155358269043748,473.0,0.0,big,7060.0,1.0,Auvergne-Rhône-Alpes
0,78N008843,"(766599.29, 6425892.52)",0.0037362976686737687,0.8378244089942316,121.0,1.4585370488066256,medium,20.0,1.0,Auvergne-Rhône-Alpes
1,289A008919,"(659456.01, 6502839.19)",0.045885440790489423,0.7187064149215956,1486.0,1.761497365266968,medium,27320.0,1.0,Auvergne-Rhône-Alpes
2,27N000703,"(728287.73, 6596225.62)",0.018866759302146055,0.6465885365138159,611.0,1.7128433202562907,medium,9820.0,1.0,Auvergne-Rhône-Alpes
3,40N009073,"(970495.08, 6500274.43)",0.0051567083526323915,0.5995478634584868,167.0,0.901051584538674,medium,940.0,1.0,Auvergne-Rhône-Alpes
4,49N000726,"(847926.11, 6423529.76)",0.01673614327620812,0.0062301368910734085,542.0,0.13940196689001452,medium,8440.0,1.0,Auvergne-Rhône-Alpes
5,4A007563,"(711527.12, 6515543.22)",0.24381658175081056,0.026948503725670973,7896.0,1.6974014749214383,medium,155520.0,1.0,Auvergne-Rhône-Alpes
6,13N010207,"(826218.31, 6386701.29)",0.008738613555658484,0.16542059721959212,283.0,0.2725082669020789,medium,3260.0,1.0,Auvergne-Rhône-Alpes
7,41A004669,"(852958.02, 6513295.74)",0.5399722093561834,0.023088403579717903,17487.0,0.5468987304300987,medium,347340.0,1.0,Auvergne-Rhône-Alpes
8,364A007163,"(707781.59, 6541448.43)",0.12968967114404817,0.09972307287487962,4200.0,1.6538547931429206,medium,81600.0,1.0,Auvergne-Rhône-Alpes
9,136N012215,"(715465.42, 6461320.08)",0.0032731202717307395,0.7144522977174045,106.0,1.7176088095869522,medium,-280.0,0.0,Auvergne-Rhône-Alpes
10,419A008963,"(729337.74, 6527983.58)",0.0799135402192373,0.2652339738453502,2588.0,1.3214018147004758,medium,49360.0,1.0,Auvergne-Rhône-Alpes
11,52N009073,"(977244.06, 6494291.09)",0.008615099583140343,0.6980677661396073,279.0,1.008226917309243,medium,3180.0,1.0,Auvergne-Rhône-Alpes
12,140A004174,"(941975.31, 6548383.32)",0.026462868612011733,0.11744569257219262,857.0,0.6478299279888527,medium,14740.0,1.0,Auvergne-Rhône-Alpes
13,18A004201,"(862654.98, 6530285.72)",0.2557356800988112,0.013229978893583197,8282.0,0.341796493234419,medium,163240.0,1.0,Auvergne-Rhône-Alpes
14,33N000703,"(727212.63, 6591044.68)",0.018866759302146055,0.6680156525429656,611.0,1.7192714550650356,medium,9820.0,1.0,Auvergne-Rhône-Alpes
15,91A004838,"(908835.02, 6463260.38)",0.12033348772579898,0.1307920122068756,3897.0,1.1006762890291295,medium,75540.0,1.0,Auvergne-Rhône-Alpes
16,177A004373,"(971626.43, 6463610.66)",0.0704647213215995,0.781982325400209,2282.0,1.5613517291531873,medium,43240.0,1.0,Auvergne-Rhône-Alpes
17,358A008963,"(707788.28, 6541447.33)",0.0465647676393392,0.09967817579168024,1508.0,1.5706148514246727,medium,27760.0,1.0,Auvergne-Rhône-Alpes
18,387A007163,"(711098.87, 6520584.88)",0.1211363285471669,0.017976131185104088,3923.0,1.5688307906080092,medium,76060.0,1.0,Auvergne-Rhône-Alpes
19,4N000703,"(720087.55, 6617240.64)",0.015346611085379033,0.7930234352886694,497.0,1.75325364167198,medium,7540.0,1.0,Auvergne-Rhône-Alpes
20,35N007903,"(727886.43, 6599573.38)",0.01707580670063301,0.6510438992478556,553.0,1.7123889764749896,medium,8660.0,1.0,Auvergne-Rhône-Alpes
21,64N000703,"(747304.53, 6572091.7)",0.015871545468581133,0.5197494604976063,514.0,1.2624654383995408,medium,7880.0,1.0,Auvergne-Rhône-Alpes
22,426A000669,"(834397.47, 6543601.12)",0.38042303535587463,0.02323984400087433,12320.0,0.7174896678783165,medium,244000.0,1.0,Auvergne-Rhône-Alpes
23,362A007163,"(708439.83, 6544051.13)",0.11931449745252432,0.13058639121902949,3864.0,1.6478535898369953,medium,74880.0,1.0,Auvergne-Rhône-Alpes
24,388A007163,"(710907.02, 6519435.51)",0.1211363285471669,0.030381496093246592,3923.0,1.577245698795003,medium,76060.0,1.0,Auvergne-Rhône-Alpes
25,89N012215,"(680785.35, 6443692.9)",0.001327775204570017,0.4251836960381989,43.0,1.6288828840160297,medium,-1540.0,0.0,Auvergne-Rhône-Alpes
26,87N007903,"(774630.63, 6596273.82)",0.0211826462868612,0.04577977381449638,686.0,1.0717240892158666,medium,11320.0,1.0,Auvergne-Rhône-Alpes
0,30A007563,"(720864.62, 6495524.03)",0.012042612320518759,0.2776160619212088,390.0,0.844870652666965,small,6000.0,1.0,Auvergne-Rhône-Alpes
1,1A004074,"(985933.83, 6541480.76)",0.06231279913540219,0.3605054749276209,2018.0,1.5325302312094966,small,38560.0,1.0,Auvergne-Rhône-Alpes
2,0A0051N38,"(910801.8, 6449262.51)",0.02427049559981473,0.0735304001936303,786.0,1.2359188771695753,small,13920.0,1.0,Auvergne-Rhône-Alpes
3,5N000769,"(806244.8, 6533402.96)",0.002532036436621893,0.3375061117106672,82.0,0.6180445805486471,small,-160.0,0.0,Auvergne-Rhône-Alpes
4,83A004838,"(905344.76, 6469099.77)",0.1016211208893006,0.04047152583764086,3291.0,1.1487042171840696,small,64020.0,1.0,Auvergne-Rhône-Alpes
5,354A007163,"(709050.69, 6551732.15)",0.11916010498687664,0.2306008735907323,3859.0,0.6646336833049852,small,75380.0,1.0,Auvergne-Rhône-Alpes
6,75N009073,"(992898.35, 6507968.46)",0.0017600741083835109,0.7679392985815802,57.0,1.8477474195834227,small,-660.0,0.0,Auvergne-Rhône-Alpes
7,96A004074,"(917760.85, 6559881.33)",0.1058205959549174,0.29308136974866017,3427.0,1.0981679150984283,small,66740.0,1.0,Auvergne-Rhône-Alpes
8,66N007903,"(756825.89, 6602185.99)",0.0211826462868612,0.27039561332504,686.0,0.28327156618272603,small,11920.0,1.0,Auvergne-Rhône-Alpes
9,68A004074,"(938394.4, 6563718.93)",0.0978539447274973,0.3227746859189457,3169.0,1.2255235344408095,small,61580.0,1.0,Auvergne-Rhône-Alpes
10,41A004669,"(852958.02, 6513295.74)",0.5399722093561834,0.023088403579717903,17487.0,0.9555834961077465,small,347940.0,1.0,Auvergne-Rhône-Alpes
11,55N010207,"(800794.69, 6397871.49)",0.00392156862745098,0.5220251269022154,127.0,1.4932703946384784,small,740.0,1.0,Auvergne-Rhône-Alpes
12,164A004373,"(962993.03, 6471697.6)",0.07472595337347537,0.6513113742607168,2420.0,1.7576028354627034,small,46600.0,1.0,Auvergne-Rhône-Alpes
13,5A040401,"(897529.14, 6567608.12)",0.034830940250115794,0.13452161655773615,1128.0,0.8410443528474403,small,20760.0,1.0,Auvergne-Rhône-Alpes
14,109N000726,"(835915.73, 6368774.07)",0.022479542998301683,0.08806413052645773,728.0,1.4510989104063103,small,12760.0,1.0,Auvergne-Rhône-Alpes
15,29N010207,"(815926.27, 6386682.14)",0.008738613555658484,0.30003053046500994,283.0,1.441962272831335,small,3860.0,1.0,Auvergne-Rhône-Alpes
16,145A004001,"(879688.2, 6554818.29)",0.12755905511811025,0.3427689042556701,4131.0,0.9343171799672665,small,80820.0,1.0,Auvergne-Rhône-Alpes
17,133A004174,"(941169.02, 6542776.85)",0.08584221090010807,0.04256887255654909,2780.0,1.098204938479248,small,53800.0,1.0,Auvergne-Rhône-Alpes
18,80N008843,"(766977.33, 6423997.79)",0.0037362976686737687,0.8559347821752801,121.0,1.5306076723292499,small,620.0,1.0,Auvergne-Rhône-Alpes
19,20A000769,"(840219.1, 6500318.34)",0.04687355257063455,0.030901357777492384,1518.0,0.7262136250870026,small,28560.0,1.0,Auvergne-Rhône-Alpes
20,157A004373,"(958842.85, 6476965.71)",0.07586845761926818,0.564420540110633,2457.0,1.6686128636763962,small,47340.0,1.0,Auvergne-Rhône-Alpes
21,3N000726,"(842834.36, 6466141.66)",0.004724409448818898,0.0045991623176465605,153.0,0.8700435480728059,small,1260.0,1.0,Auvergne-Rhône-Alpes
22,46A004074,"(955935.11, 6565538.24)",0.10202254129998456,0.1500371177790238,3304.0,1.2235899851131422,small,64280.0,1.0,Auvergne-Rhône-Alpes
23,1N000769,"(805117.81, 6535842.3)",0.002532036436621893,0.3082112677692839,82.0,0.584657927114498,small,-160.0,0.0,Auvergne-Rhône-Alpes
24,29A004742,"(817041.17, 6486374.98)",0.023714682723483094,0.09087163350797024,768.0,0.7598508980442455,small,13560.0,1.0,Auvergne-Rhône-Alpes
25,85N008843,"(766995.98, 6418619.03)",0.0037362976686737687,0.9164019821853757,121.0,1.598517445472802,small,620.0,1.0,Auvergne-Rhône-Alpes
26,142A000726,"(838696.36, 6360045.49)",0.4033039987648603,0.034312520347555206,13061.0,1.6631359919220239,small,259420.0,1.0,Auvergne-Rhône-Alpes
27,7N000703,"(721537.35, 6614615.03)",0.015346611085379033,0.7644645166198101,497.0,0.7970332670374968,small,8140.0,1.0,Auvergne-Rhône-Alpes
28,55N009073,"(978413.47, 6496809.03)",0.004322989038134939,0.7085597134768307,140.0,1.762227176052277,small,1000.0,1.0,Auvergne-Rhône-Alpes
29,57A004926,"(863953.97, 6438235.63)",0.048417477227111316,0.23440636226553657,1568.0,1.2335342334540687,small,29560.0,1.0,Auvergne-Rhône-Alpes
30,50N010207,"(803472.46, 6396117.67)",0.008522464103751737,0.49084270874497066,276.0,1.489244029482761,small,3720.0,1.0,Auvergne-Rhône-Alpes
31,170A004373,"(966563.03, 6467117.21)",0.06845761926817971,0.7253853916887557,2217.0,1.8313606743379842,small,42540.0,1.0,Auvergne-Rhône-Alpes
32,28N012215,"(641899.38, 6416982.1)",0.0023776439709742164,0.2057516865225959,77.0,1.4378772015042212,small,-260.0,0.0,Auvergne-Rhône-Alpes
33,99A004001,"(915971.19, 6561467.18)",0.1058205959549174,0.262263652083888,3427.0,1.06719030634634,small,66740.0,1.0,Auvergne-Rhône-Alpes
34,46A004926,"(873539.09, 6443273.14)",0.048695383665277134,0.3532621250489331,1577.0,1.3088284348785237,small,29740.0,1.0,Auvergne-Rhône-Alpes
35,14N010207,"(825809.03, 6387145.99)",0.008738613555658484,0.17212289832771965,283.0,1.3750952569087254,small,3860.0,1.0,Auvergne-Rhône-Alpes
36,84N000726,"(839229.99, 6391322.44)",0.014605527250270187,0.09999563184647212,473.0,1.3323502792261255,small,7660.0,1.0,Auvergne-Rhône-Alpes
37,99N000758,"(711956.33, 6626952.85)",0.015346611085379033,0.8026580543632867,497.0,0.9000596454439468,small,8140.0,1.0,Auvergne-Rhône-Alpes
38,14A004201,"(858702.02, 6528625.66)",0.27148371159487417,0.013162947259446124,8792.0,0.7788910784662965,small,174040.0,1.0,Auvergne-Rhône-Alpes
39,29A043269,"(861669.31, 6512537.66)",0.19373166589470434,0.010198921279198905,6274.0,0.8140015165978178,small,123680.0,1.0,Auvergne-Rhône-Alpes
40,306A008963,"(675022.54, 6508042.68)",0.045885440790489423,0.5009502987889575,1486.0,1.106863039551395,small,27920.0,1.0,Auvergne-Rhône-Alpes
41,51N009073,"(976959.11, 6493861.42)",0.004322989038134939,0.6953410271113185,140.0,1.7543533777715923,small,1000.0,1.0,Auvergne-Rhône-Alpes
0,328A000671,"(839206.2, 6635427.66)",0.9049937404367784,0.04993701506149321,13012.0,1.347503207642869,big,257840.0,1.0,Bourgogne-Franche-Comté
1,50A003625,"(987451.59, 6718102.5)",0.851231047433579,0.06292169071809371,12239.0,1.2642622330067497,big,242380.0,1.0,Bourgogne-Franche-Comté
2,14A003121,"(849130.86, 6671143.18)",0.4869244679371262,0.24123820820930317,7001.0,0.6821390602638286,big,137620.0,1.0,Bourgogne-Franche-Comté
3,39A003690,"(989694.18, 6727598.41)",0.9683544303797469,0.12470197340339288,13923.0,1.427591250888942,big,276060.0,1.0,Bourgogne-Franche-Comté
4,46A003625,"(990076.53, 6720983.94)",0.9279454722492697,0.02427027274134638,13342.0,1.3870641538256352,big,264440.0,1.0,Bourgogne-Franche-Comté
5,173A003639,"(882972.19, 6672688.76)",0.49506190012519125,0.12555539195920978,7118.0,0.717481771795945,big,139960.0,1.0,Bourgogne-Franche-Comté
0,97A007758,"(695389.47, 6703605.64)",0.13506746418138824,0.41272870241009174,1942.0,1.7588860749044157,medium,36440.0,1.0,Bourgogne-Franche-Comté
1,0N015189,"(740290.47, 6713167.31)",0.0037557379329531226,0.45639098456239424,54.0,1.6406730333016715,medium,-1320.0,0.0,Bourgogne-Franche-Comté
2,301A000621,"(840560.33, 6661604.9)",0.30045903463624984,0.050168702978919434,4320.0,0.5078566580199556,medium,84000.0,1.0,Bourgogne-Franche-Comté
3,95A003971,"(884595.9, 6620017.73)",0.8428849631381277,0.5368390148202241,12119.0,1.7229501806396534,medium,239980.0,1.0,Bourgogne-Franche-Comté
4,128A000689,"(718213.7, 6759824.03)",0.3553345388788427,0.33834763598987877,5109.0,1.9568388296758064,medium,99780.0,1.0,Bourgogne-Franche-Comté
5,20N015158,"(717108.37, 6686921.79)",0.0022951731812491305,0.8317003158002391,33.0,1.7518052679213207,medium,-1740.0,0.0,Bourgogne-Franche-Comté
6,24N007789,"(754323.84, 6762411.6)",0.009319794129920712,0.2337633446040275,134.0,1.5794487975111289,medium,280.0,1.0,Bourgogne-Franche-Comté
7,110A000689,"(706617.23, 6773414.43)",0.2222144943663931,0.3940953077280492,3195.0,1.8404430866848078,medium,61500.0,1.0,Bourgogne-Franche-Comté
8,391A000671,"(837754.0, 6577719.81)",0.7083739045764362,0.03266304338673518,10185.0,1.58406460540666,medium,201300.0,1.0,Bourgogne-Franche-Comté
9,28A001989,"(708165.49, 6773902.06)",0.3814160523021283,0.41954728034443656,5484.0,2.0072802364054594,medium,107280.0,1.0,Bourgogne-Franche-Comté
10,84N000689,"(743373.11, 6746854.98)",0.02100431214355265,0.0051490174761036015,302.0,1.5225490173863838,medium,3640.0,1.0,Bourgogne-Franche-Comté
11,4A001989,"(719289.77, 6793381.91)",0.19745444428988732,0.41406161902334876,2839.0,1.821672929996892,medium,54380.0,1.0,Bourgogne-Franche-Comté
0,57A003625,"(983224.08, 6713378.56)",0.7330644039504799,0.159702503986166,10540.0,1.9018304410084692,small,209000.0,1.0,Bourgogne-Franche-Comté
1,49N007971,"(816638.27, 6587884.42)",0.044164696063430244,0.38370492632344233,635.0,1.4391433159510967,small,10900.0,1.0,Bourgogne-Franche-Comté
2,380A000671,"(841156.7, 6587108.23)",0.7370287939908193,0.13002898883586303,10597.0,1.6970170418456552,small,210140.0,1.0,Bourgogne-Franche-Comté
3,121A003971,"(874971.98, 6596608.04)",0.857073306440395,0.5072934850885435,12323.0,2.042525453712183,small,244660.0,1.0,Bourgogne-Franche-Comté
4,93A003939,"(885261.05, 6621192.72)",0.8268187508693838,0.5429825851051181,11888.0,1.9874514040265117,small,235960.0,1.0,Bourgogne-Franche-Comté
5,33A003921,"(881187.78, 6671802.36)",0.18806509945750452,0.11444877600195787,2704.0,1.2194552615170071,small,52280.0,1.0,Bourgogne-Franche-Comté
6,145A003625,"(909087.54, 6680651.74)",0.5,0.28139788229332513,7189.0,1.5710314361981847,small,141980.0,1.0,Bourgogne-Franche-Comté
7,43A003690,"(990522.17, 6723723.63)",0.9279454722492697,0.06236145266745033,13342.0,1.963003447085267,small,265040.0,1.0,Bourgogne-Franche-Comté
8,48A003625,"(988908.57, 6719127.86)",0.9431770760884685,0.03560587141889688,13561.0,1.9525951444705885,small,269420.0,1.0,Bourgogne-Franche-Comté
9,99A007758,"(695943.05, 6701676.71)",0.16170538322437056,0.4431031584343883,2325.0,0.8406292024082427,small,44700.0,1.0,Bourgogne-Franche-Comté
10,53N015158,"(739698.55, 6708809.69)",0.004868549172346641,0.466222448908214,70.0,0.7362555428617734,small,-400.0,0.0,Bourgogne-Franche-Comté
11,35A003690,"(989748.79, 6731499.78)",0.9209904020030603,0.18544411619934878,13242.0,2.0198766129243597,small,263040.0,1.0,Bourgogne-Franche-Comté
12,83A003121,"(863451.74, 6730072.78)",0.5157184587564334,0.5525965902330192,7415.0,1.4112164653845698,small,146500.0,1.0,Bourgogne-Franche-Comté
13,10N007071,"(789248.42, 6603062.13)",0.025455557101126722,0.20526357916689306,366.0,1.1942271904606188,small,5520.0,1.0,Bourgogne-Franche-Comté
14,73A003625,"(969941.68, 6707887.08)",0.530741410488246,0.38209003344368087,7631.0,1.8768884205915382,small,150820.0,1.0,Bourgogne-Franche-Comté
15,38A003121,"(862234.58, 6688296.07)",0.3647238837112255,0.030719902397868322,5244.0,1.1267975395417618,small,103080.0,1.0,Bourgogne-Franche-Comté
16,5A003121,"(844719.95, 6663545.67)",0.6996800667686743,0.10349906973057975,10060.0,1.3541860471818152,small,199400.0,1.0,Bourgogne-Franche-Comté
0,41N015735,"(359582.28, 6789229.65)",1.0,0.12454378767720738,1909.0,1.4750912424645586,big,35780.0,1.0,Bretagne
1,51N001222,"(279891.91, 6835414.2)",0.6595075955997904,0.3754677289626905,1259.0,0.9141678476071475,big,22780.0,1.0,Bretagne
0,96N016556,"(224802.25, 6761142.92)",0.7066526977475118,0.10293080394785191,1349.0,2.124613795256381,medium,24580.0,1.0,Bretagne
1,34N001229,"(184504.95, 6847705.9)",0.14824515453116816,0.1792375654383681,283.0,1.6446513592933958,medium,3260.0,1.0,Bretagne
2,98N016556,"(222706.88, 6760499.13)",0.3530644316396019,0.13058656994122161,674.0,1.805937314294097,medium,11080.0,1.0,Bretagne
3,70N001229,"(149901.31, 6840747.92)",0.1639601885804086,0.03384819643187103,313.0,1.67411464750997,medium,3860.0,1.0,Bretagne
4,90N016529,"(168956.71, 6823749.47)",0.1283394447354636,0.5820067445962576,245.0,1.8029414681143408,medium,2500.0,1.0,Bretagne
5,5N026529,"(150473.62, 6840397.58)",0.12310110005238345,0.03922950352510452,235.0,1.6348699511099147,medium,2300.0,1.0,Bretagne
0,0N015735,"(398917.53, 6783652.11)",0.33001571503404925,0.31190257700672414,630.0,1.852149403721059,small,10800.0,1.0,Bretagne
1,11N016435,"(313760.1, 6799164.6)",0.09219486642221059,0.9064998952401931,176.0,1.5812710979780862,small,1720.0,1.0,Bretagne
2,46N017650,"(369078.73, 6838359.58)",0.06652697747511786,0.9694732918114738,127.0,1.901713246000881,small,740.0,1.0,Bretagne
3,67N001235,"(345337.75, 6792730.49)",0.7831325301204819,0.15213311783539918,1495.0,1.6636339608670883,small,28100.0,1.0,Bretagne
4,16N013735,"(349089.33, 6760465.91)",0.22001047668936616,0.6265521176225607,420.0,1.7461081550097481,small,6600.0,1.0,Bretagne
5,19N001235,"(382116.45, 6813362.07)",0.08905185961236249,0.24961147786323715,170.0,1.5669975595953651,small,1600.0,1.0,Bretagne
6,9N013635,"(352074.15, 6785897.14)",0.4950235725510739,0.11524631172079569,945.0,1.5458768602297586,small,17100.0,1.0,Bretagne
0,206A001037,"(527063.38, 6702010.0)",0.6954723225030084,0.06043473995345995,9247.0,1.0311215357638206,big,182540.0,1.0,Centre-Val de Loire
1,78A001028,"(614491.93, 6776635.86)",1.0,0.27294789730487456,13296.0,1.445410420539025,big,263520.0,1.0,Centre-Val de Loire
0,86A002036,"(588212.13, 6613956.17)",0.039034296028880866,0.4678104980430294,519.0,1.6793774454417898,medium,7980.0,1.0,Centre-Val de Loire
1,274A007118,"(666363.12, 6603548.54)",0.13259626955475332,0.3523169557746476,1763.0,1.7382913562871476,medium,32860.0,1.0,Centre-Val de Loire
2,177A007118,"(629664.07, 6683065.72)",0.447427797833935,0.5494608965253781,5949.0,2.0341493635690457,medium,116580.0,1.0,Centre-Val de Loire
3,82A001045,"(613572.62, 6771787.92)",0.8337845968712395,0.18270296334690914,11086.0,0.9626104975414156,medium,219320.0,1.0,Centre-Val de Loire
4,61A002036,"(595207.64, 6636371.91)",0.42418772563176893,0.1368383382473053,5640.0,1.884464290900998,medium,110400.0,1.0,Centre-Val de Loire
5,173A007141,"(627624.91, 6686465.24)",0.447427797833935,0.6215739524027787,5949.0,2.0007297358811456,medium,116580.0,1.0,Centre-Val de Loire
0,58N001278,"(599395.08, 6855442.83)",0.026398916967509026,0.3569469227218188,351.0,1.687948712716046,small,5220.0,1.0,Centre-Val de Loire
1,59N001028,"(577604.07, 6784737.43)",0.026699759326113116,0.5884331622170883,355.0,1.30651623779092,small,5300.0,1.0,Centre-Val de Loire
2,80A008537,"(507188.18, 6695717.78)",0.12988868832731648,0.30111054162636874,1727.0,1.2754176833695776,small,32740.0,1.0,Centre-Val de Loire
3,63N015428,"(584996.46, 6830220.04)",0.025797232250300842,0.27168807780299287,343.0,1.4542402541801436,small,5060.0,1.0,Centre-Val de Loire
4,258A001037,"(513644.75, 6653945.18)",0.4851083032490975,0.7615650503490976,6450.0,1.710006934182888,small,127200.0,1.0,Centre-Val de Loire
5,78A001028,"(614491.93, 6776635.86)",1.0,0.27294789730487456,13296.0,1.4406277444300999,small,264120.0,1.0,Centre-Val de Loire
6,8N001041,"(564731.09, 6757944.1)",0.018200962695547534,0.5828534914291431,242.0,1.1705201369445652,small,3040.0,1.0,Centre-Val de Loire
7,48A008549,"(479925.03, 6690256.87)",0.12891095066185318,0.527181172975647,1714.0,1.6403919810149135,small,32480.0,1.0,Centre-Val de Loire
0,302A003157,"(930555.74, 6894770.91)",0.053391634543467,0.05838948823107655,928.0,0.06840955416898518,big,16160.0,1.0,Grand Est
1,309A003567,"(1046640.5, 6836190.4)",0.13894482480869916,0.012034904403532122,2415.0,0.2060102563323423,big,45900.0,1.0,Grand Est
2,3A033054,"(934374.06, 6842007.67)",1.0,0.03860067171104785,17381.0,1.4922798656577905,big,345220.0,1.0,Grand Est
3,84A003152,"(863186.61, 6731619.58)",0.42661526954720674,0.5352415090708195,7415.0,0.5328746025066462,big,145900.0,1.0,Grand Est
4,0A033054,"(934746.66, 6845010.73)",1.0,0.07871504725440577,17381.0,1.4842569905491187,big,345220.0,1.0,Grand Est
0,314A002651,"(794134.6, 6868184.93)",0.18537483458949428,0.1364425204886273,3222.0,1.7263075907360825,medium,62040.0,1.0,Grand Est
1,0A003668,"(1020249.04, 6747227.0)",0.6740118520223233,0.08919152295618225,11715.0,2.0927010718238064,medium,231900.0,1.0,Grand Est
2,158A003152,"(898003.62, 6782942.63)",0.2567746389735919,0.8462856126545778,4463.0,1.4409360456041047,medium,86860.0,1.0,Grand Est
3,245A002602,"(768416.68, 6921734.82)",0.24584316207352858,0.23052335531406098,4273.0,1.8150001686677468,medium,83060.0,1.0,Grand Est
4,117A003568,"(1037744.77, 6735866.99)",0.02007939704274783,0.06870629010077386,349.0,1.54069128407298,medium,4580.0,1.0,Grand Est
5,245A003567,"(1051186.52, 6852546.39)",0.038605373683907714,0.0394116182917801,671.0,0.3050689169237666,medium,11020.0,1.0,Grand Est
6,331A002651,"(791429.73, 6852371.82)",0.1714515850641505,0.03851034218504944,2980.0,1.6830046877196654,medium,57200.0,1.0,Grand Est
7,212A000451,"(836596.57, 6887533.58)",0.16949542603992865,0.5535473142184041,2946.0,1.749121974373712,medium,56520.0,1.0,Grand Est
8,256A002651,"(772418.93, 6911653.99)",0.24584316207352858,0.077341130757759,4273.0,1.7690455013008561,medium,83060.0,1.0,Grand Est
9,185A000510,"(832763.39, 6780586.31)",0.1819227892526322,0.7497542840333695,3162.0,1.2715718141103185,medium,60840.0,1.0,Grand Est
10,115A003451,"(778982.25, 6901439.23)",0.11219147344801796,0.07208695288847519,1950.0,1.6338175593145605,medium,36600.0,1.0,Grand Est
11,208A003188,"(914228.53, 6824469.58)",0.2530349231919913,0.3510516318633709,4398.0,0.759001221388055,medium,85560.0,1.0,Grand Est
0,360A002610,"(787099.97, 6825643.41)",0.16926528968413784,0.393727318622163,2942.0,1.362968896758737,small,57040.0,1.0,Grand Est
1,336A002651,"(789919.57, 6848314.57)",0.167884471549393,0.09502811606407136,2918.0,1.1784793721749247,small,56560.0,1.0,Grand Est
2,6A034451,"(775008.63, 6905409.74)",0.33933605661354355,0.011539248684001687,5898.0,1.4966044953304165,small,116160.0,1.0,Grand Est
3,3A000467,"(1047895.29, 6847389.87)",0.07157240665094068,0.07405948708420636,1244.0,1.1918611096847658,small,23080.0,1.0,Grand Est
4,0A033054,"(934746.66, 6845010.73)",1.0,0.07871504725440577,17381.0,0.7852110216421863,small,345820.0,1.0,Grand Est
5,122A003568,"(1040626.08, 6732110.68)",0.02007939704274783,0.0031761832001661445,349.0,1.295127841451904,small,5180.0,1.0,Grand Est
6,245A003567,"(1051186.52, 6852546.39)",0.038605373683907714,0.0394116182917801,671.0,1.1889227070610218,small,11620.0,1.0,Grand Est
7,41N000451,"(773589.31, 6850621.31)",0.020999942465911053,0.2535026311918996,365.0,1.3351628794537898,small,5500.0,1.0,Grand Est
8,462A000467,"(1044185.61, 6860033.67)",0.36626201024106786,0.1519550791438356,6366.0,1.37871230385,small,125520.0,1.0,Grand Est
9,228A000552,"(866053.82, 6758632.41)",0.2659225591162764,0.8456079541006744,4622.0,1.3090281396972898,small,90640.0,1.0,Grand Est
10,109A000451,"(750798.74, 6894780.16)",0.140325642943444,0.3244267634218413,2439.0,1.7231437144813628,small,46980.0,1.0,Grand Est
11,307A003567,"(1048471.62, 6837403.84)",0.22265692422760486,0.03957503767969757,3870.0,1.2405414640919061,small,75600.0,1.0,Grand Est
12,472A000467,"(1048515.0, 6851879.81)",0.37333870318163515,0.06017542954314759,6489.0,1.3461988243693819,small,127980.0,1.0,Grand Est
13,113A003451,"(777629.07, 6903178.63)",0.11219147344801796,0.03989153328928503,1950.0,1.3722922866763279,small,37200.0,1.0,Grand Est
14,254A003154,"(932884.06, 6852175.81)",0.04033139635233876,0.020544835954254832,701.0,0.30628059631379784,small,12220.0,1.0,Grand Est
15,102A000402,"(744513.26, 6892913.47)",0.140325642943444,0.25616991571056746,2439.0,1.7238647708980626,small,46980.0,1.0,Grand Est
16,256A002651,"(772418.93, 6911653.99)",0.24584316207352858,0.077341130757759,4273.0,1.5338291351267075,small,83660.0,1.0,Grand Est
17,115A003451,"(778982.25, 6901439.23)",0.11219147344801796,0.07208695288847519,1950.0,1.3748989894736363,small,37200.0,1.0,Grand Est
0,80A000160,"(679799.4, 6935810.25)",0.8438385269121813,0.3481227758820731,14298.0,1.1961332351918574,big,283560.0,1.0,Hauts-de-France
1,121A000180,"(688279.33, 6975583.73)",0.9658286118980169,0.2212221603148745,16365.0,1.4044984857840506,big,324900.0,1.0,Hauts-de-France
2,32A000160,"(667686.69, 6891809.56)",0.9262275731822474,0.13001198809954534,15694.0,1.363338962153462,big,311480.0,1.0,Hauts-de-France
0,245A002602,"(768416.68, 6921734.82)",0.25218366383380547,0.3978117974604925,4273.0,1.7174493813436917,medium,83060.0,1.0,Hauts-de-France
1,240A002602,"(767544.2, 6926093.56)",0.25360009442870635,0.5053518190289289,4297.0,1.7294231064582015,medium,83540.0,1.0,Hauts-de-France
2,102A000402,"(744513.26, 6892913.47)",0.14394475920679886,0.442069804533631,2439.0,1.429083208864236,medium,46380.0,1.0,Hauts-de-France
3,110A000402,"(752403.92, 6895434.02)",0.14394475920679886,0.5336801972051651,2439.0,1.5501919327515847,medium,46380.0,1.0,Hauts-de-France
4,61A002662,"(661872.55, 7050356.65)",0.2159466477809254,0.34804192755608904,3659.0,1.509841974531868,medium,70780.0,1.0,Hauts-de-France
5,219A001662,"(606490.94, 7046621.97)",0.10581916902738432,0.5973419439959509,1793.0,1.7850217522261695,medium,33460.0,1.0,Hauts-de-France
6,0A002662,"(623009.09, 7093858.59)",0.14111189801699717,0.5253832880299311,2391.0,1.7987268844259765,medium,45420.0,1.0,Hauts-de-France
0,102A000402,"(744513.26, 6892913.47)",0.14394475920679886,0.442069804533631,2439.0,1.8241512107606765,small,46980.0,1.0,Hauts-de-France
1,240A002602,"(767544.2, 6926093.56)",0.25360009442870635,0.5053518190289289,4297.0,1.8321977285761166,small,84140.0,1.0,Hauts-de-France
2,114A000402,"(754533.15, 6897821.37)",0.1471317280453258,0.5275108165302843,2493.0,1.8849022605929957,small,48060.0,1.0,Hauts-de-France
3,23A000262,"(709099.55, 7005132.49)",0.714943342776204,0.21108490614855674,12114.0,1.2669525342022128,small,240480.0,1.0,Hauts-de-France
4,32A000160,"(667686.69, 6891809.56)",0.9262275731822474,0.13001198809954534,15694.0,1.8514287219523329,small,312080.0,1.0,Hauts-de-France
5,30A000195,"(667345.96, 6890249.01)",0.9262275731822474,0.08976844827519855,15694.0,1.8364721322476891,small,312080.0,1.0,Hauts-de-France
6,165A002980,"(625965.52, 6968418.16)",0.15663361661945233,0.65711993609964,2654.0,1.2671156779245898,small,51280.0,1.0,Hauts-de-France
7,43A001660,"(638888.75, 6901263.67)",0.10074362606232294,0.08002186426429393,1707.0,1.3220611775080546,small,32340.0,1.0,Hauts-de-France
8,136A000180,"(691298.91, 6990414.29)",1.0,0.602561014770313,16944.0,1.6464211721260655,small,337080.0,1.0,Hauts-de-France
9,109A000451,"(750798.74, 6894780.16)",0.14394475920679886,0.559859948790449,2439.0,1.9058431806853635,small,46980.0,1.0,Hauts-de-France
0,2N081414,"(457752.73, 6902903.71)",1.0,0.030315409865434274,29333.0,1.493936918026913,big,584260.0,1.0,Normandie
1,113A001376,"(557944.42, 6917837.0)",0.34190161251832407,0.05342890725928488,10029.0,0.5021666373256292,big,198180.0,1.0,Normandie
2,0N081414,"(459222.49, 6901568.34)",1.0,0.01376318022365963,29333.0,1.4972473639552681,big,584260.0,1.0,Normandie
0,161A002861,"(487589.27, 6821446.19)",0.07333037875430402,0.3634339444802377,2151.0,1.4572928951431265,medium,40620.0,1.0,Normandie
1,27N001261,"(516609.83, 6828881.76)",0.006681894112433096,0.34888765866978066,196.0,1.5005009131532034,medium,1520.0,1.0,Normandie
2,135A008435,"(381202.77, 6819480.42)",0.012204684144138002,0.12548089935888734,358.0,1.549848953951804,medium,4760.0,1.0,Normandie
3,172A008450,"(381344.93, 6854062.95)",0.016909283060034773,0.40469021231654384,496.0,1.4985750137367433,medium,7520.0,1.0,Normandie
4,41N017550,"(378884.97, 6852264.35)",0.015238809531926498,0.43710459287278,447.0,1.552252607242991,medium,6540.0,1.0,Normandie
5,0N001261,"(537657.68, 6843937.48)",0.006477346333481062,0.42861982660205633,190.0,1.2845655549091064,medium,1400.0,1.0,Normandie
0,62N017550,"(369468.48, 6838503.68)",0.005011420584324822,0.36198185117922627,147.0,1.4614387805848916,small,1140.0,1.0,Normandie
1,75A002976,"(544345.95, 6952454.61)",0.08754644939147035,0.2573807111478455,2568.0,1.0004872944041057,small,49560.0,1.0,Normandie
2,49N017550,"(380263.29, 6845926.64)",0.020250230116251322,0.3768627295819203,594.0,1.3977751920469679,small,10080.0,1.0,Normandie
3,57N001350,"(369437.55, 6958054.48)",0.003238673166740531,1.0,95.0,2.1016193365833704,small,100.0,1.0,Normandie
4,1A013976,"(557792.21, 6917876.35)",0.11171717860430232,0.051720456893870816,3277.0,0.6523661050098761,small,63740.0,1.0,Normandie
5,38N001350,"(374877.05, 6942924.59)",0.005965976886100979,0.843756775343876,175.0,1.9150796125775624,small,1700.0,1.0,Normandie
6,106A001327,"(563003.97, 6913313.95)",0.20444550506255754,0.009065536499398239,5997.0,0.6526989031276196,small,118140.0,1.0,Normandie
7,52N001350,"(367711.35, 6954149.03)",0.009238741349333515,0.9836567703720736,271.0,2.089497453969842,small,3620.0,1.0,Normandie
8,13A002914,"(500576.7, 6924502.76)",0.0773872430368527,0.00787811657889322,2270.0,0.6978725744640609,small,43600.0,1.0,Normandie
9,24N002776,"(558972.09, 6956511.34)",0.007772815600177275,0.255365785918079,228.0,1.0025659507207225,small,2760.0,1.0,Normandie
0,183A006364,"(331651.69, 6271655.52)",0.5738838214114258,0.13634943830039262,11954.0,0.8335558444570601,big,236680.0,1.0,Nouvelle-Aquitaine
1,205A006364,"(314867.29, 6260714.26)",1.0,0.4122600670077188,20830.0,1.4175479865984562,big,414200.0,1.0,Nouvelle-Aquitaine
2,49N014979,"(431703.38, 6645038.64)",0.010081613058089293,0.16842025827176088,210.0,0.0,big,1800.0,1.0,Nouvelle-Aquitaine
3,90A006340,"(379420.88, 6339152.59)",0.45765722515602497,0.6962114810836367,9533.0,0.5472435415173101,big,188260.0,1.0,Nouvelle-Aquitaine
4,16N014117,"(420140.82, 6522633.94)",0.004656745079212674,0.3283502426755134,97.0,0.0,big,-460.0,0.0,Nouvelle-Aquitaine
5,130A006564,"(431222.87, 6268676.98)",0.009361497839654344,0.3371291337875516,195.0,0.0,big,1500.0,1.0,Nouvelle-Aquitaine
6,138A006340,"(359256.19, 6298757.48)",0.8874219875180028,0.43855176282912806,18485.0,1.2434226287111787,big,367300.0,1.0,Nouvelle-Aquitaine
0,175A002087,"(567603.73, 6534114.75)",0.028276524243879022,0.02940266214122715,589.0,1.5370973228862472,medium,9380.0,1.0,Nouvelle-Aquitaine
1,183A002087,"(566651.27, 6526929.5)",0.03883821411425828,0.027828359752646258,809.0,1.5471867220400521,medium,13780.0,1.0,Nouvelle-Aquitaine
2,29N014587,"(575055.98, 6568320.81)",0.03014882381180989,0.5353158461101903,628.0,1.690743577644867,medium,10160.0,1.0,Nouvelle-Aquitaine
3,38N014787,"(551226.93, 6560369.65)",0.019203072491598656,0.46024327588093084,400.0,1.6572760552558778,medium,5600.0,1.0,Nouvelle-Aquitaine
4,64N001179,"(416190.98, 6572218.8)",0.008545367258761401,0.37309194415516406,178.0,0.8666018970555412,medium,1160.0,1.0,Nouvelle-Aquitaine
5,20N111347,"(506652.02, 6349671.69)",0.0061929908785405665,0.07837527428807901,129.0,1.5297055731649642,medium,180.0,1.0,Nouvelle-Aquitaine
6,83A008924,"(493692.9, 6438233.89)",0.07023523763802209,0.873813584819712,1463.0,1.8323793130839356,medium,26860.0,1.0,Nouvelle-Aquitaine
7,311A001086,"(491784.85, 6609515.54)",0.3343254920787326,0.12231108883168934,6964.0,1.4179794559866066,medium,136880.0,1.0,Nouvelle-Aquitaine
8,0N002147,"(507784.9, 6401173.5)",0.002976476236197792,0.6493865275520324,62.0,1.6977924345018076,medium,-1160.0,0.0,Nouvelle-Aquitaine
9,43N014787,"(545353.29, 6560626.39)",0.017954872779644745,0.5095467415641254,374.0,1.6708188952488823,medium,5080.0,1.0,Nouvelle-Aquitaine
10,537A001033,"(426340.88, 6431658.28)",0.7079692750840134,0.016255233987007737,14747.0,2.080646114946278,medium,292540.0,1.0,Nouvelle-Aquitaine
11,243A002019,"(587983.41, 6478329.17)",0.022035525684109457,0.34441489469202136,459.0,1.6253599940917158,medium,6780.0,1.0,Nouvelle-Aquitaine
12,283A008919,"(654667.26, 6498618.21)",0.07148343734997599,0.874087309606915,1489.0,1.8337096302320504,medium,27380.0,1.0,Nouvelle-Aquitaine
13,119N013464,"(409412.48, 6195905.36)",9.601536245799327e-05,0.9343368023061388,2.0,1.4199431949226284,medium,-2360.0,0.0,Nouvelle-Aquitaine
0,283A008919,"(654667.26, 6498618.21)",0.07148343734997599,0.874087309606915,1489.0,1.804247670782313,small,27980.0,1.0,Nouvelle-Aquitaine
1,14N014979,"(454076.51, 6621339.82)",0.008113298127700432,0.5731047367725725,169.0,1.7138782900705571,small,1580.0,1.0,Nouvelle-Aquitaine
2,258A001037,"(513644.75, 6653945.18)",0.3096495439270283,0.5985891464412663,6450.0,2.013978259828274,small,127200.0,1.0,Nouvelle-Aquitaine
3,9N014979,"(458532.39, 6621528.13)",0.008113298127700432,0.5625676718700741,169.0,1.7097122142130003,small,1580.0,1.0,Nouvelle-Aquitaine
4,49N014187,"(552407.68, 6533256.48)",0.018819011041766684,0.2026597701112505,392.0,1.3010093547433748,small,6040.0,1.0,Nouvelle-Aquitaine
5,146A008379,"(446284.24, 6588117.5)",0.1531445031204993,0.14370930630849368,3190.0,1.420727614447905,small,62000.0,1.0,Nouvelle-Aquitaine
6,37A083717,"(415104.86, 6526825.68)",0.049783965434469515,0.41906309245271517,1037.0,1.333177439033964,small,18940.0,1.0,Nouvelle-Aquitaine
7,2N014523,"(576641.72, 6568944.77)",0.022803648583773404,0.5499611874930341,475.0,1.6467800849968108,small,7700.0,1.0,Nouvelle-Aquitaine
8,17N014979,"(452468.62, 6623188.02)",0.010081613058089293,0.5470325383234348,210.0,1.7045643886452986,small,2400.0,1.0,Nouvelle-Aquitaine
9,269A002019,"(581615.03, 6455432.1)",0.033029284685549685,0.008811494361470313,688.0,1.016354968764238,small,11960.0,1.0,Nouvelle-Aquitaine
10,0N001079,"(481959.39, 6565120.7)",0.02414786365818531,0.6381679147383138,503.0,1.5964926617230437,small,8260.0,1.0,Nouvelle-Aquitaine
11,74N001086,"(489137.48, 6595160.24)",0.029188670187229957,0.32610911927644987,608.0,1.5103253743502225,small,10360.0,1.0,Nouvelle-Aquitaine
12,488A001017,"(420545.18, 6476593.46)",0.3651944311089774,0.6358492719966582,7607.0,1.4611017546287521,small,150340.0,1.0,Nouvelle-Aquitaine
13,40A006464,"(374173.7, 6275965.09)",0.08795007201152184,0.5643058518804597,1832.0,0.6618728720181212,small,34840.0,1.0,Nouvelle-Aquitaine
14,115A008385,"(420611.33, 6594885.68)",0.09351896303408545,0.3629528977079659,1948.0,1.539052740718327,small,37160.0,1.0,Nouvelle-Aquitaine
15,8N024879,"(425148.0, 6577664.31)",0.009793566970715314,0.22789690866513176,204.0,1.3616986847282972,small,2280.0,1.0,Nouvelle-Aquitaine
16,118N002124,"(504860.71, 6411436.26)",0.0023043686989918386,0.7159744406381852,48.0,1.1834355691958771,small,-840.0,0.0,Nouvelle-Aquitaine
17,1A006333,"(411918.92, 6415485.38)",0.06337013922227556,0.0031684687929247244,1320.0,0.7347924328677731,small,24600.0,1.0,Nouvelle-Aquitaine
18,96N014116,"(451846.44, 6512726.03)",0.006481036965914546,0.15532487149272767,135.0,1.1171377285452677,small,900.0,1.0,Nouvelle-Aquitaine
19,0N001017,"(447093.97, 6474347.62)",0.0927508401344215,0.5972042483650027,1932.0,1.3019216289607622,small,36840.0,1.0,Nouvelle-Aquitaine
0,192A000911,"(699498.66, 6229311.59)",0.9011269820469139,0.01572854879749839,13753.0,1.3485447633108714,big,272660.0,1.0,Occitanie
1,275A006131,"(603988.72, 6250569.95)",0.34346743546062114,0.4186342359631707,5242.0,0.4314743059982976,big,102440.0,1.0,Occitanie
2,78A000934,"(790247.17, 6290215.33)",0.9770672257895426,0.06200162062808217,14912.0,1.4532005145586975,big,295840.0,1.0,Occitanie
3,320A007534,"(730833.17, 6257346.44)",0.6864762154370332,0.276756861176035,10477.0,0.9743629509203426,big,207140.0,1.0,Occitanie
4,46A000930,"(814533.39, 6307230.85)",0.5740400995937622,0.09879871461739015,8761.0,0.8413004064671653,big,172820.0,1.0,Occitanie
0,0N032066,"(600433.57, 6164373.14)",0.21589568863844844,0.9263604275556149,3295.0,1.787855229246314,medium,63500.0,1.0,Occitanie
1,73N011666,"(630159.35, 6156928.24)",0.001572533088717075,0.6415072952796924,24.0,1.6524746311389127,medium,-1920.0,0.0,Occitanie
2,161A007548,"(719153.33, 6379646.45)",0.016970252915738435,0.7989990191640806,259.0,1.7566699586649626,medium,2780.0,1.0,Occitanie
3,11N008812,"(696921.84, 6360706.96)",0.026864106932250033,0.7786296614220073,410.0,1.7604530053588523,medium,5800.0,1.0,Occitanie
4,38N002165,"(452763.94, 6228403.19)",0.5298781286856244,0.5570072582874386,8087.0,2.196980306171856,medium,159340.0,1.0,Occitanie
5,33N002165,"(454276.66, 6233332.5)",0.5298781286856244,0.5416296735338648,8087.0,2.1923670307457837,medium,159340.0,1.0,Occitanie
6,90N002009,"(603842.2, 6171410.77)",0.0023587996330756127,0.8839854193356411,36.0,1.454944159445374,medium,-1680.0,0.0,Occitanie
7,2N002266,"(597926.11, 6163056.42)",0.2286069977722448,0.9540928711660892,3489.0,1.8306840009090146,medium,67380.0,1.0,Occitanie
8,56N012432,"(506058.66, 6287769.64)",0.007141921111256716,0.575926835766926,109.0,1.6799199718413345,medium,-220.0,0.0,Occitanie
9,16N002066,"(603089.32, 6158601.66)",0.006879832263137204,0.9092749653383869,105.0,1.6592526376192702,medium,-300.0,0.0,Occitanie
10,382A002046,"(580701.89, 6353799.94)",0.18510024898440572,0.36409984014113267,2825.0,1.7943302010267455,medium,54100.0,1.0,Occitanie
0,87A000934,"(782511.41, 6286752.97)",1.0,0.06150869943332232,15262.0,1.750123948569692,small,303440.0,1.0,Occitanie
1,13N032066,"(603452.06, 6161219.21)",0.001572533088717075,0.9004238449242733,24.0,1.6473705237208118,small,-1320.0,0.0,Occitanie
2,73N010648,"(739421.17, 6375570.0)",0.002686410693225003,1.0,41.0,1.5153287898869632,small,-980.0,0.0,Occitanie
3,0N002266,"(599858.69, 6163518.99)",0.11427073778010746,0.9335138863461954,1744.0,1.708301063559551,small,33080.0,1.0,Occitanie
4,175A006465,"(487435.58, 6225836.97)",0.13517232341763857,0.8842528870348686,2063.0,1.501509943770544,small,39460.0,1.0,Occitanie
5,19N002066,"(604539.51, 6156150.92)",0.011531909317258551,0.9001236407234708,176.0,1.6816166720963412,small,1720.0,1.0,Occitanie
6,69N002009,"(597318.89, 6185956.28)",0.003669243873673175,0.8997758966015927,56.0,1.5039445018320299,small,-680.0,0.0,Occitanie
7,16N002066,"(603089.32, 6158601.66)",0.006879832263137204,0.9092749653383869,105.0,1.6699287591200385,small,300.0,1.0,Occitanie
8,54N002009,"(585636.35, 6194511.33)",0.005700432446599397,0.7755223838663846,87.0,1.3773552409896166,small,-60.0,0.0,Occitanie
9,329A006111,"(652815.19, 6232993.93)",0.3513956231162364,0.4851442336618699,5363.0,1.2694483738141216,small,105460.0,1.0,Occitanie
10,0N008848,"(768230.83, 6405055.12)",0.004258943781942078,0.7352672382889429,65.0,1.552400695104052,small,-500.0,0.0,Occitanie
11,38N002165,"(452763.94, 6228403.19)",0.5298781286856244,0.5570072582874386,8087.0,1.6211741079463826,small,159940.0,1.0,Occitanie
12,18N002009,"(588127.17, 6226930.01)",0.010286987288690866,0.4747696911706039,157.0,1.015048110961619,small,1340.0,1.0,Occitanie
13,46A000930,"(814533.39, 6307230.85)",0.5740400995937622,0.09879871461739015,8761.0,1.706527527501476,small,173420.0,1.0,Occitanie
14,23N008812,"(686815.27, 6363982.62)",0.05366269165247019,0.696137854462885,819.0,1.0526812402162147,small,14580.0,1.0,Occitanie
0,262A001149,"(433199.49, 6716153.2)",1.0,0.052259015619209606,6533.0,1.4895481968761581,big,128260.0,1.0,Pays de la Loire
1,170A001172,"(490313.21, 6776454.09)",0.963569569876014,0.047461131182954246,6295.0,1.4358621285774302,big,123500.0,1.0,Pays de la Loire
0,18N084444,"(356485.27, 6683131.38)",0.12612888412674117,0.1148914215712488,824.0,1.4133892834879638,medium,14080.0,1.0,Pays de la Loire
1,113A008385,"(419112.29, 6594389.35)",0.3131792438389714,0.6534500340676554,2046.0,2.009214254059268,medium,38520.0,1.0,Pays de la Loire
2,100A008385,"(406907.8, 6599668.17)",0.3264962498086637,0.9566228758420134,2133.0,2.113483112561268,medium,40260.0,1.0,Pays de la Loire
3,117A008379,"(422342.37, 6595353.96)",0.2981784784938007,0.6028077694528011,1948.0,1.979020809329641,medium,36560.0,1.0,Pays de la Loire
4,33N084444,"(350725.08, 6693553.17)",0.21689882136843716,0.08811782404542585,1417.0,1.5260569265040667,medium,25940.0,1.0,Pays de la Loire
0,16N001253,"(452145.84, 6817878.65)",0.023419562222562376,0.5873094714933178,153.0,1.5132232686517066,small,1260.0,1.0,Pays de la Loire
1,128A002872,"(489929.31, 6791961.54)",0.3926220725547222,0.43537038212545526,2565.0,1.6784940857114716,small,49500.0,1.0,Pays de la Loire
2,130A001172,"(528367.68, 6785765.71)",0.631868972906781,0.528146443509879,4128.0,2.0663118437502757,small,80760.0,1.0,Pays de la Loire
3,5A0087N49,"(435050.88, 6712568.33)",0.6780958212153682,0.07025360569733258,4430.0,1.0003122397551143,small,86800.0,1.0,Pays de la Loire
4,82N001261,"(468928.74, 6823750.19)",0.025103321598040716,0.7730955758140167,164.0,1.7358626743209702,small,1480.0,1.0,Pays de la Loire
5,224A008153,"(440584.12, 6778620.22)",0.40532680238787694,0.47570445048786575,2648.0,1.3743055283583931,small,51160.0,1.0,Pays de la Loire
6,142A002872,"(487798.41, 6805343.83)",0.38450941374559927,0.7741964246691929,2512.0,1.9235944084327838,small,48440.0,1.0,Pays de la Loire
0,166A000784,"(842816.01, 6338889.74)",0.9756812579119195,0.04663938759334449,14644.0,1.4541940093492103,big,290480.0,1.0,Provence-Alpes-Côte d'Azur
1,133A000883,"(1002040.41, 6270539.25)",1.0,0.5710032584512149,15009.0,1.385799348309757,big,297780.0,1.0,Provence-Alpes-Côte d'Azur
0,72N009405,"(946593.24, 6390644.86)",0.004997001798920648,0.78940192020007,75.0,1.7418175778589418,medium,-900.0,0.0,Provence-Alpes-Côte d'Azur
1,41N008504,"(955345.87, 6335825.34)",0.30761543074155506,0.9619599403058681,4617.0,1.8001955486018297,medium,89940.0,1.0,Provence-Alpes-Côte d'Azur
2,43A000813,"(919668.19, 6268020.31)",0.48117795989073225,0.2916591305976275,7222.0,1.8048365823905144,medium,142040.0,1.0,Provence-Alpes-Côte d'Azur
3,30A000813,"(907393.27, 6268065.01)",0.5993737091078686,0.15633308597068923,8996.0,2.066465758907433,medium,177520.0,1.0,Provence-Alpes-Côte d'Azur
4,246A000713,"(879961.4, 6276338.49)",0.8291025384769138,0.08160090721483221,12444.0,1.944820065702464,medium,246480.0,1.0,Provence-Alpes-Côte d'Azur
5,19N008504,"(940477.54, 6338774.59)",0.003597841295222866,0.917941227665643,54.0,1.6575160024560613,medium,-1320.0,0.0,Provence-Alpes-Côte d'Azur
0,172A000806,"(1029635.26, 6286769.27)",0.5673262709041242,0.24976018091601324,8515.0,1.6484442915850894,small,168500.0,1.0,Provence-Alpes-Côte d'Azur
1,117A000883,"(987612.64, 6268662.32)",0.5006329535611966,0.7034751793317069,7514.0,1.6668258330447847,small,148480.0,1.0,Provence-Alpes-Côte d'Azur
2,133A000883,"(1002040.41, 6270539.25)",1.0,0.5710032584512149,15009.0,1.924352227586041,small,298380.0,1.0,Provence-Alpes-Côte d'Azur
3,223A000806,"(1064459.62, 6309307.73)",0.3927643413951629,0.29298278320477283,5895.0,1.8721718406204455,small,116100.0,1.0,Provence-Alpes-Côte d'Azur
4,186A000806,"(1038397.21, 6295221.0)",0.4559930708241722,0.13921912726609012,6844.0,1.572975195070088,small,135080.0,1.0,Provence-Alpes-Côte d'Azur
5,129A000883,"(998586.78, 6269166.63)",0.522486508095143,0.6085669422071016,7842.0,1.6936863221571676,small,155040.0,1.0,Provence-Alpes-Côte d'Azur
6,23A005413,"(825596.12, 6288345.16)",0.47038443600506363,0.2195503642937404,7060.0,1.843698230146117,small,139400.0,1.0,Provence-Alpes-Côte d'Azur
7,7A000984,"(841593.54, 6331926.88)",0.5481377839962689,0.08997163298467423,8227.0,1.4947677371378605,small,162740.0,1.0,Provence-Alpes-Côte d'Azur
8,199A000784,"(854505.45, 6311612.22)",0.5204877073755747,0.09511928770473035,7812.0,1.3785677230803666,small,154440.0,1.0,Provence-Alpes-Côte d'Azur
0,0A011595,"(644860.51, 6875074.64)",0.5681220410310363,0.19911293575751984,19440.0,0.8123604743950504,big,386400.0,1.0,Île-de-France
1,27A000195,"(667208.81, 6887489.88)",0.5,0.027967278194524464,17109.0,0.7444065443610951,big,339780.0,1.0,Île-de-France
2,7A001595,"(646747.8, 6873527.37)",0.05915015488923958,0.282555061733794,2024.0,0.03221421998710056,big,38080.0,1.0,Île-de-France
3,31N001278,"(626207.02, 6855926.01)",0.013150973172014729,0.05462744870228455,450.0,0.00880097001756518,big,6600.0,1.0,Île-de-France
4,0A000691,"(650377.75, 6849789.2)",0.03243906715763633,0.10301738898830833,1110.0,0.028055122938792823,big,19800.0,1.0,Île-de-France
5,20A000195,"(665966.61, 6880317.6)",1.0,0.15079991340388366,34218.0,1.4698400173192232,big,681960.0,1.0,Île-de-France
6,18A000477,"(672042.48, 6858927.22)",0.3917821029867321,0.05913648549502517,13406.0,0.5758458573810932,big,265720.0,1.0,Île-de-France
0,5A007777,"(682660.4, 6786240.56)",0.06601788532351394,0.6820989106506654,2259.0,1.6552332884074135,medium,42780.0,1.0,Île-de-France
1,36A001078,"(619546.52, 6817851.55)",0.1545093225787597,0.7997018169152074,5287.0,1.145249795369177,medium,103340.0,1.0,Île-de-France
2,47N003677,"(688703.06, 6846386.36)",0.004822023496405401,0.07539794896061626,165.0,0.43251242709221954,medium,900.0,1.0,Île-de-France
3,32N001078,"(614346.48, 6841123.92)",0.01849903559530072,0.3870488402559465,633.0,0.5030627376505805,medium,10260.0,1.0,Île-de-France
4,67A001378,"(586564.84, 6884029.97)",0.0773277222514466,0.5485442386783348,2646.0,1.185824035846731,medium,50520.0,1.0,Île-de-France
5,37N001078,"(613837.95, 6836213.02)",0.009527149453504004,0.3871609007967204,326.0,0.57773955883502,medium,4120.0,1.0,Île-de-France
6,0A007777,"(682584.02, 6791479.14)",0.06601788532351394,0.8153408390471167,2259.0,1.6045839201470293,medium,42780.0,1.0,Île-de-France
7,10A007777,"(680724.53, 6782450.97)",0.05757203810859782,0.5410274834476123,1970.0,1.654623776733797,medium,37000.0,1.0,Île-de-France
8,2A0005A77,"(667179.19, 6835407.4)",0.14398854404114794,0.07269961264384621,4927.0,0.5954061905413076,medium,96140.0,1.0,Île-de-France
9,6A000577,"(679850.48, 6831696.57)",0.08261733590507919,0.23576663374705997,2827.0,0.7036196177234266,medium,54140.0,1.0,Île-de-France
10,0A014077,"(691455.04, 6864351.36)",0.06274475422292361,0.3205453216353153,2147.0,0.5504420173325968,medium,40540.0,1.0,Île-de-France
11,31A000577,"(695806.06, 6813081.55)",0.08387398445262727,0.1570374680358489,2870.0,1.1340659453897262,medium,55000.0,1.0,Île-de-France
12,27A000195,"(667208.81, 6887489.88)",0.5,0.027967278194524464,17109.0,0.5083901834583573,medium,339780.0,1.0,Île-de-France
13,52N000477,"(718490.04, 6844621.02)",0.010813022385878777,0.9898783359313055,370.0,1.2518511015412435,medium,5000.0,1.0,Île-de-France
14,2A010577,"(672645.71, 6836925.05)",0.10734116546846689,0.16673594410779885,3673.0,0.5849160401901499,medium,71060.0,1.0,Île-de-France
0,5A001278,"(630503.12, 6856899.77)",0.0290490385177392,0.20561853687101334,994.0,0.8508041118188269,small,18080.0,1.0,Île-de-France
1,6A001278,"(629653.05, 6855540.14)",0.0290490385177392,0.1710531691599923,994.0,0.833319334546003,small,18080.0,1.0,Île-de-France
2,55N019178,"(619207.01, 6817995.26)",0.004909696650885499,0.7879174931095019,168.0,1.3418288824941005,small,1560.0,1.0,Île-de-France
3,3N002091,"(647545.92, 6845248.41)",0.007159974282541353,0.061355450898168636,245.0,0.44462486937983176,small,3100.0,1.0,Île-de-France
4,37A001078,"(619344.1, 6816675.8)",0.1709042024665381,0.8233797015471047,5848.0,1.4510858111752996,small,115160.0,1.0,Île-de-France
5,13N018478,"(632151.62, 6868535.7)",0.004968145420538897,0.46666244079227837,170.0,1.067763235450202,small,1600.0,1.0,Île-de-France
6,62A001378,"(590486.64, 6881287.72)",0.14863522122859313,0.6385083093017556,5086.0,1.8847309527318123,small,99920.0,1.0,Île-de-France
7,7A008692,"(647500.06, 6870798.15)",0.03229294523350283,0.2750297395450202,1105.0,0.8260424696077712,small,20300.0,1.0,Île-de-France
8,7A007777,"(681992.05, 6784592.67)",0.05757203810859782,0.6218093600286569,1970.0,1.214503694508923,small,37600.0,1.0,Île-de-France
9,27A000195,"(667208.81, 6887489.88)",0.5,0.027967278194524464,17109.0,1.0441902496564923,small,340380.0,1.0,Île-de-France
10,80A000677,"(683288.21, 6790675.32)",0.1594482436144719,0.8207552585774046,5456.0,1.2976457758916082,small,107320.0,1.0,Île-de-France
11,33A001695,"(645091.49, 6894710.19)",0.049886024899175874,0.23088520369248552,1707.0,1.142085658828978,small,32340.0,1.0,Île-de-France
12,5N000277,"(673469.65, 6877897.79)",0.02285346893447893,0.05033416299135877,782.0,0.6680798255774794,small,13840.0,1.0,Île-de-France
13,36A001078,"(619546.52, 6817851.55)",0.1545093225787597,0.7997018169152074,5287.0,1.4195491727013376,small,103940.0,1.0,Île-de-France
14,20A000195,"(665966.61, 6880317.6)",1.0,0.15079991340388366,34218.0,1.2616078278027347,small,682560.0,1.0,Île-de-France
15,0A011595,"(644860.51, 6875074.64)",0.5681220410310363,0.19911293575751984,19440.0,1.12497730861473,small,387000.0,1.0,Île-de-France
16,24N001378,"(632094.54, 6866991.92)",0.0194342159097551,0.46824323926152983,665.0,1.0623486676336928,small,11500.0,1.0,Île-de-France
17,67A001378,"(586564.84, 6884029.97)",0.0773277222514466,0.5485442386783348,2646.0,1.867790404332724,small,51120.0,1.0,Île-de-France
18,67A000477,"(712935.31, 6881400.97)",0.07458063007773687,0.5528861203702897,2552.0,1.2863795313020876,small,49240.0,1.0,Île-de-France
19,38A000577,"(701608.98, 6808457.39)",0.07905196095622187,0.11487158581759656,2705.0,0.7292499648705496,small,52300.0,1.0,Île-de-France
20,49N001078,"(613243.76, 6824646.63)",0.009351803144543808,0.48280787265286157,320.0,1.2215982260628173,small,4600.0,1.0,Île-de-France
21,49N018694,"(651570.46, 6850867.27)",0.011280612543105967,0.06374785929962622,386.0,0.43017009433008374,small,5920.0,1.0,Île-de-France
